{"parent":"minecraft:aj_rigs/ramiel/animating/base","display":{"head":{"translation":[0,-6.4,0],"scale":[2.5920000000000005,2.9120000000000004,2.9120000000000004],"rotation":[0,180,0]}}}