{"parent":"minecraft:aj_rigs/ramiel/animating/base","display":{"head":{"translation":[0,-6.4,0],"scale":[2.4960000000000004,2.8160000000000003,2.8160000000000003],"rotation":[0,180,0]}}}