{"parent":"minecraft:aj_rigs/ramiel/animating/base2","display":{"head":{"translation":[0,-6.4,0],"scale":[2.5600000000000005,2.8800000000000003,2.8800000000000003],"rotation":[0,180,0]}}}