{"parent":"minecraft:aj_rigs/ramiel/animating/bone6","display":{"head":{"translation":[0,-6.4,0],"scale":[1.888,1.8559999999999999,1.8559999999999999],"rotation":[0,180,0]}}}