{"parent":"minecraft:aj_rigs/ramiel/animating/bone","display":{"head":{"translation":[0,-6.4,0],"scale":[2.08,2.2399999999999998,2.2399999999999998],"rotation":[0,180,0]}}}