{"parent":"minecraft:aj_rigs/ramiel/animating/bone2","display":{"head":{"translation":[0,-6.4,0],"scale":[3.008,2.9120000000000004,2.8160000000000003],"rotation":[0,180,0]}}}