{"parent":"minecraft:aj_rigs/ramiel/animating/bone6","display":{"head":{"translation":[0,-6.4,0],"scale":[2.624,2.5280000000000005,2.4320000000000004],"rotation":[0,180,0]}}}