{"parent":"minecraft:aj_rigs/ramiel/animating/bone6","display":{"head":{"translation":[0,-6.4,0],"scale":[2.8800000000000003,2.7840000000000003,2.656],"rotation":[0,180,0]}}}