{"parent":"minecraft:aj_rigs/ramiel/animating/bone4","display":{"head":{"translation":[0,-6.4,0],"scale":[3.04,2.9440000000000004,2.8480000000000003],"rotation":[0,180,0]}}}