{"parent":"minecraft:aj_rigs/ramiel/animating/bone5","display":{"head":{"translation":[0,-6.4,0],"scale":[1.4400000000000002,1.4080000000000001,1.4080000000000001],"rotation":[0,180,0]}}}