{"parent":"minecraft:aj_rigs/ramiel/animating/bone4","display":{"head":{"translation":[0,-6.4,0],"scale":[2.8160000000000003,2.688,2.5920000000000005],"rotation":[0,180,0]}}}