{"parent":"minecraft:aj_rigs/ramiel/animating/bone3","display":{"head":{"translation":[0,-6.4,0],"scale":[2.2399999999999998,2.4960000000000004,2.4960000000000004],"rotation":[0,180,0]}}}