{"parent":"minecraft:aj_rigs/ramiel/animating/innercube8","display":{"head":{"translation":[0,-6.4,0],"scale":[0.32000000000000006,0.064,0.32000000000000006],"rotation":[0,180,0]}}}