{"parent":"minecraft:aj_rigs/ramiel/animating/innercube5","display":{"head":{"translation":[0,-6.4,0],"scale":[2.2399999999999998,0.32000000000000006,2.2399999999999998],"rotation":[0,180,0]}}}