{"parent":"minecraft:aj_rigs/ramiel/animating/innercube5","display":{"head":{"translation":[0,-6.4,0],"scale":[0.41600000000000004,0.064,0.41600000000000004],"rotation":[0,180,0]}}}