{"parent":"minecraft:aj_rigs/ramiel/animating/innercube5","display":{"head":{"translation":[0,-6.4,0],"scale":[2.9760000000000004,0.48,2.9760000000000004],"rotation":[0,180,0]}}}