{"parent":"minecraft:aj_rigs/ramiel/animating/innercube","display":{"head":{"translation":[0,-6.4,0],"scale":[0.22400000000000003,0,0.22400000000000003],"rotation":[0,180,0]}}}