{"parent":"minecraft:aj_rigs/ramiel/animating/innercube6","display":{"head":{"translation":[0,-6.4,0],"scale":[1.1199999999999999,0.16000000000000003,1.1199999999999999],"rotation":[0,180,0]}}}