{"parent":"minecraft:aj_rigs/ramiel/animating/innercube5","display":{"head":{"translation":[0,-6.4,0],"scale":[2.7520000000000002,0.44800000000000006,2.7520000000000002],"rotation":[0,180,0]}}}