{"parent":"minecraft:aj_rigs/ramiel/animating/innercube9","display":{"head":{"translation":[0,-6.4,0],"scale":[1.6640000000000001,0.768,1.6640000000000001],"rotation":[0,180,0]}}}