{"parent":"minecraft:aj_rigs/ramiel/animating/innercube8","display":{"head":{"translation":[0,-6.4,0],"scale":[1.8239999999999998,0.22400000000000003,1.8239999999999998],"rotation":[0,180,0]}}}