{"parent":"minecraft:aj_rigs/ramiel/animating/innercube11","display":{"head":{"translation":[0,-6.4,0],"scale":[0.41600000000000004,0.096,0.41600000000000004],"rotation":[0,180,0]}}}