{"parent":"minecraft:aj_rigs/ramiel/animating/innercube11","display":{"head":{"translation":[0,-6.4,0],"scale":[2.9440000000000004,0.6400000000000001,2.9440000000000004],"rotation":[0,180,0]}}}