{"parent":"minecraft:aj_rigs/ramiel/animating/innercube9","display":{"head":{"translation":[0,-6.4,0],"scale":[1.1199999999999999,0.6080000000000001,1.1199999999999999],"rotation":[0,180,0]}}}