{"parent":"minecraft:aj_rigs/ramiel/animating/innercube8","display":{"head":{"translation":[0,-6.4,0],"scale":[1.7280000000000002,0.288,1.7280000000000002],"rotation":[0,180,0]}}}