{"parent":"minecraft:aj_rigs/ramiel/animating/innercube2","display":{"head":{"translation":[0,-6.4,0],"scale":[0.44800000000000006,0.16000000000000003,0.44800000000000006],"rotation":[0,180,0]}}}