{"parent":"minecraft:aj_rigs/ramiel/animating/innercube9","display":{"head":{"translation":[0,-6.4,0],"scale":[1.7920000000000003,0.7040000000000001,1.7920000000000003],"rotation":[0,180,0]}}}