{"parent":"minecraft:aj_rigs/ramiel/animating/innercube12","display":{"head":{"translation":[0,-6.4,0],"scale":[2.5600000000000005,0.44800000000000006,2.5600000000000005],"rotation":[0,180,0]}}}