{"parent":"minecraft:aj_rigs/ramiel/animating/innercube4","display":{"head":{"translation":[0,-6.4,0],"scale":[0.16000000000000003,0.32000000000000006,0.16000000000000003],"rotation":[0,180,0]}}}