{"parent":"minecraft:aj_rigs/ramiel/animating/innercube3","display":{"head":{"translation":[0,-6.4,0],"scale":[1.6320000000000001,0.032,1.6320000000000001],"rotation":[0,180,0]}}}