{"parent":"minecraft:aj_rigs/ramiel/animating/innercube12","display":{"head":{"translation":[0,-6.4,0],"scale":[2.7840000000000003,0.544,2.7840000000000003],"rotation":[0,180,0]}}}