{"parent":"minecraft:aj_rigs/ramiel/animating/innercube8","display":{"head":{"translation":[0,-6.4,0],"scale":[0.8960000000000001,0.16000000000000003,0.8960000000000001],"rotation":[0,180,0]}}}