{"parent":"minecraft:aj_rigs/ramiel/animating/innercube12","display":{"head":{"translation":[0,-6.4,0],"scale":[2.4320000000000004,0.544,2.4320000000000004],"rotation":[0,180,0]}}}