{"parent":"minecraft:aj_rigs/ramiel/animating/innercube11","display":{"head":{"translation":[0,-6.4,0],"scale":[2.9120000000000004,0.6080000000000001,2.9120000000000004],"rotation":[0,180,0]}}}