{"parent":"minecraft:aj_rigs/ramiel/animating/innercube9","display":{"head":{"translation":[0,-6.4,0],"scale":[1.2800000000000002,0.48,1.2800000000000002],"rotation":[0,180,0]}}}