{"parent":"minecraft:aj_rigs/ramiel/animating/innercube6","display":{"head":{"translation":[0,-6.4,0],"scale":[0.9279999999999999,0.064,0.9279999999999999],"rotation":[0,180,0]}}}