{"parent":"minecraft:aj_rigs/ramiel/animating/innercube9","display":{"head":{"translation":[0,-6.4,0],"scale":[1.8239999999999998,0.7360000000000001,1.8239999999999998],"rotation":[0,180,0]}}}