{"parent":"minecraft:aj_rigs/ramiel/animating/innercube2","display":{"head":{"translation":[0,-6.4,0],"scale":[0.35200000000000004,0.22400000000000003,0.35200000000000004],"rotation":[0,180,0]}}}