{"parent":"minecraft:aj_rigs/ramiel/animating/innercube3","display":{"head":{"translation":[0,-6.4,0],"scale":[1.8559999999999999,0.256,1.8559999999999999],"rotation":[0,180,0]}}}