{"parent":"minecraft:aj_rigs/ramiel/animating/innercube9","display":{"head":{"translation":[0,-6.4,0],"scale":[1.2160000000000002,0.44800000000000006,1.2160000000000002],"rotation":[0,180,0]}}}