{"parent":"minecraft:aj_rigs/ramiel/animating/innercube7","display":{"head":{"translation":[0,-6.4,0],"scale":[0.35200000000000004,0.192,0.35200000000000004],"rotation":[0,180,0]}}}