{"parent":"minecraft:aj_rigs/ramiel/mode_1/bone7","display":{"head":{"translation":[0,-6.4,0],"scale":[1.6320000000000001,1.6320000000000001,1.6320000000000001],"rotation":[0,180,0]}}}