{"parent":"minecraft:aj_rigs/ramiel/mode_1/bone15","display":{"head":{"translation":[0,-6.4,0],"scale":[0.41600000000000004,0.41600000000000004,0.41600000000000004],"rotation":[0,180,0]}}}