{"parent":"minecraft:aj_rigs/ramiel/mode_1/cubecenter5","display":{"head":{"translation":[0,-6.4,0],"scale":[0.672,2.5280000000000005,0.6080000000000001],"rotation":[0,180,0]}}}