{"parent":"minecraft:aj_rigs/ramiel/mode_1/cubecenter6","display":{"head":{"translation":[0,-6.4,0],"scale":[1.2800000000000002,0.41600000000000004,0.41600000000000004],"rotation":[0,180,0]}}}