{"parent":"minecraft:aj_rigs/ramiel/mode_1/cubecenter6","display":{"head":{"translation":[0,-6.4,0],"scale":[1.1199999999999999,0.44800000000000006,0.44800000000000006],"rotation":[0,180,0]}}}