{"parent":"minecraft:aj_rigs/ramiel/mode_1/cubecenter6","display":{"head":{"translation":[0,-6.4,0],"scale":[1.088,0.35200000000000004,0.35200000000000004],"rotation":[0,180,0]}}}