{"parent":"minecraft:aj_rigs/ramiel/mode_1/cubecenter4","display":{"head":{"translation":[0,-6.4,0],"scale":[0.7360000000000001,0.7360000000000001,2.9120000000000004],"rotation":[0,180,0]}}}