{"parent":"minecraft:aj_rigs/ramiel/mode_1/cubecenter5","display":{"head":{"translation":[0,-6.4,0],"scale":[1.1199999999999999,1.536,1.1199999999999999],"rotation":[0,180,0]}}}