{"parent":"minecraft:aj_rigs/ramiel/mode_1/cubecenter4","display":{"head":{"translation":[0,-6.4,0],"scale":[0.22400000000000003,0.22400000000000003,0.8320000000000001],"rotation":[0,180,0]}}}