{"parent":"minecraft:aj_rigs/ramiel/mode_1/cubecenter3","display":{"head":{"translation":[0,-6.4,0],"scale":[0.44800000000000006,0.44800000000000006,1.7280000000000002],"rotation":[0,180,0]}}}