{"parent":"minecraft:aj_rigs/ramiel/mode_1/innercube10","display":{"head":{"translation":[0,-6.4,0],"scale":[3.4240000000000004,0.576,3.4240000000000004],"rotation":[0,180,0]}}}