{"parent":"minecraft:aj_rigs/ramiel/mode_1/innercube","display":{"head":{"translation":[0,-6.4,0],"scale":[1.3760000000000001,0.192,1.3760000000000001],"rotation":[0,180,0]}}}