{"parent":"minecraft:aj_rigs/ramiel/mode_1/innercube9","display":{"head":{"translation":[0,-6.4,0],"scale":[1.6960000000000002,0.6400000000000001,1.6960000000000002],"rotation":[0,180,0]}}}