{"parent":"minecraft:aj_rigs/ramiel/mode_1/inner9","display":{"head":{"translation":[0,-6.4,0],"scale":[2.2399999999999998,5.6000000000000005,2.2399999999999998],"rotation":[0,180,0]}}}