{"parent":"minecraft:aj_rigs/ramiel/mode_1/inner6","display":{"head":{"translation":[0,-6.4,0],"scale":[5.5680000000000005,5.664000000000001,5.5680000000000005],"rotation":[0,180,0]}}}