{"parent":"minecraft:aj_rigs/ramiel/mode_1/inner12","display":{"head":{"translation":[0,-6.4,0],"scale":[2.2079999999999997,4.4159999999999995,2.2079999999999997],"rotation":[0,180,0]}}}