{"parent":"minecraft:aj_rigs/ramiel/mode_1/innercube6","display":{"head":{"translation":[0,-6.4,0],"scale":[1.2160000000000002,0.256,1.2160000000000002],"rotation":[0,180,0]}}}