{"parent":"minecraft:aj_rigs/ramiel/mode_1/inner3","display":{"head":{"translation":[0,-6.4,0],"scale":[0.7040000000000001,0.7040000000000001,0.7040000000000001],"rotation":[0,180,0]}}}