{"parent":"minecraft:aj_rigs/ramiel/mode_1/innercube4","display":{"head":{"translation":[0,-6.4,0],"scale":[2.2079999999999997,0.992,2.2079999999999997],"rotation":[0,180,0]}}}