{"parent":"minecraft:aj_rigs/ramiel/mode_1/inner12","display":{"head":{"translation":[0,-6.4,0],"scale":[2.7840000000000003,5.5360000000000005,2.7840000000000003],"rotation":[0,180,0]}}}