{"parent":"minecraft:aj_rigs/ramiel/mode_1/inner4","display":{"head":{"translation":[0,-6.4,0],"scale":[4.800000000000001,4.800000000000001,4.800000000000001],"rotation":[0,180,0]}}}