{"parent":"minecraft:aj_rigs/ramiel/mode_1/inner10","display":{"head":{"translation":[0,-6.4,0],"scale":[1.8559999999999999,4.64,1.8559999999999999],"rotation":[0,180,0]}}}