{"parent":"minecraft:aj_rigs/ramiel/mode_1/innercube","display":{"head":{"translation":[0,-6.4,0],"scale":[1.6320000000000001,0.16000000000000003,1.6320000000000001],"rotation":[0,180,0]}}}