{"parent":"minecraft:aj_rigs/ramiel/mode_1/inner8","display":{"head":{"translation":[0,-6.4,0],"scale":[2.8800000000000003,5.728000000000001,2.8800000000000003],"rotation":[0,180,0]}}}