{"parent":"minecraft:aj_rigs/ramiel/mode_1/innercube","display":{"head":{"translation":[0,-6.4,0],"scale":[1.2800000000000002,0.064,1.2800000000000002],"rotation":[0,180,0]}}}