{"parent":"minecraft:aj_rigs/ramiel/mode_1/inner12","display":{"head":{"translation":[0,-6.4,0],"scale":[2.9760000000000004,5.984000000000001,2.9760000000000004],"rotation":[0,180,0]}}}