{"parent":"minecraft:aj_rigs/ramiel/mode_1/inner7","display":{"head":{"translation":[0,-6.4,0],"scale":[1.4720000000000002,2.08,1.4720000000000002],"rotation":[0,180,0]}}}