{"parent":"minecraft:aj_rigs/ramiel/mode_1/innercube4","display":{"head":{"translation":[0,-6.4,0],"scale":[1.7280000000000002,0.8640000000000001,1.7280000000000002],"rotation":[0,180,0]}}}