{"parent":"minecraft:aj_rigs/ramiel/mode_1/inner7","display":{"head":{"translation":[0,-6.4,0],"scale":[3.3920000000000003,6.816,3.3920000000000003],"rotation":[0,180,0]}}}