{"parent":"minecraft:aj_rigs/ramiel/mode_1/inner9","display":{"head":{"translation":[0,-6.4,0],"scale":[2.2079999999999997,5.5040000000000004,2.2079999999999997],"rotation":[0,180,0]}}}