{"parent":"minecraft:aj_rigs/ramiel/mode_1/innercube6","display":{"head":{"translation":[0,-6.4,0],"scale":[1.8239999999999998,0.16000000000000003,1.8239999999999998],"rotation":[0,180,0]}}}