{"parent":"minecraft:aj_rigs/ramiel/mode_1/inner6","display":{"head":{"translation":[0,-6.4,0],"scale":[5.5040000000000004,5.5040000000000004,5.5040000000000004],"rotation":[0,180,0]}}}