{"parent":"minecraft:aj_rigs/ramiel/mode_1/inner9","display":{"head":{"translation":[0,-6.4,0],"scale":[3.3600000000000003,3.6799999999999997,3.3600000000000003],"rotation":[0,180,0]}}}