{"parent":"minecraft:aj_rigs/ramiel/mode_1/innercube10","display":{"head":{"translation":[0,-6.4,0],"scale":[2.8800000000000003,0.41600000000000004,2.8800000000000003],"rotation":[0,180,0]}}}