{"parent":"minecraft:aj_rigs/ramiel/mode_1/inner9","display":{"head":{"translation":[0,-6.4,0],"scale":[0.44800000000000006,1.1199999999999999,0.44800000000000006],"rotation":[0,180,0]}}}