{"parent":"minecraft:aj_rigs/ramiel/mode_1/innercube9","display":{"head":{"translation":[0,-6.4,0],"scale":[1.1199999999999999,0.35200000000000004,1.1199999999999999],"rotation":[0,180,0]}}}