{"parent":"minecraft:aj_rigs/ramiel/mode_1/inner9","display":{"head":{"translation":[0,-6.4,0],"scale":[2.8480000000000003,6.688,2.8480000000000003],"rotation":[0,180,0]}}}