{"parent":"minecraft:aj_rigs/ramiel/mode_1/innercube5","display":{"head":{"translation":[0,-6.4,0],"scale":[3.5200000000000005,0.544,3.5200000000000005],"rotation":[0,180,0]}}}