{"parent":"minecraft:aj_rigs/ramiel/mode_1/innercube11","display":{"head":{"translation":[0,-6.4,0],"scale":[2.9440000000000004,0.44800000000000006,2.9440000000000004],"rotation":[0,180,0]}}}