{"parent":"minecraft:aj_rigs/ramiel/mode_1/inner9","display":{"head":{"translation":[0,-6.4,0],"scale":[3.4560000000000004,6.176,3.4560000000000004],"rotation":[0,180,0]}}}