{"parent":"minecraft:aj_rigs/ramiel/mode_1/inner5","display":{"head":{"translation":[0,-6.4,0],"scale":[4.4479999999999995,4.704,4.4479999999999995],"rotation":[0,180,0]}}}