{"parent":"minecraft:aj_rigs/ramiel/mode_1/innercube4","display":{"head":{"translation":[0,-6.4,0],"scale":[2.4000000000000004,0.992,2.4000000000000004],"rotation":[0,180,0]}}}