{"parent":"minecraft:aj_rigs/ramiel/mode_1/innercube5","display":{"head":{"translation":[0,-6.4,0],"scale":[2.8160000000000003,0.44800000000000006,2.8160000000000003],"rotation":[0,180,0]}}}