{"parent":"minecraft:aj_rigs/ramiel/mode_1/inner12","display":{"head":{"translation":[0,-6.4,0],"scale":[5.6000000000000005,4.4799999999999995,5.6000000000000005],"rotation":[0,180,0]}}}