{"parent":"minecraft:aj_rigs/ramiel/mode_1/inner10","display":{"head":{"translation":[0,-6.4,0],"scale":[1.7280000000000002,4.352,1.7280000000000002],"rotation":[0,180,0]}}}