{"parent":"minecraft:aj_rigs/ramiel/mode_1/innercube5","display":{"head":{"translation":[0,-6.4,0],"scale":[3.4880000000000004,0.544,3.4880000000000004],"rotation":[0,180,0]}}}