{"parent":"minecraft:aj_rigs/ramiel/mode_1/inner3","display":{"head":{"translation":[0,-6.4,0],"scale":[5.184000000000001,5.184000000000001,5.184000000000001],"rotation":[0,180,0]}}}