{"parent":"minecraft:aj_rigs/ramiel/mode_1/innercube12","display":{"head":{"translation":[0,-6.4,0],"scale":[3.7119999999999997,0.8,3.7119999999999997],"rotation":[0,180,0]}}}