{"parent":"minecraft:aj_rigs/ramiel/mode_1/outer10","display":{"head":{"translation":[0,-6.4,0],"scale":[2.9120000000000004,4.032,2.9120000000000004],"rotation":[0,180,0]}}}