{"parent":"minecraft:aj_rigs/ramiel/mode_1/outer3","display":{"head":{"translation":[0,-6.4,0],"scale":[3.6799999999999997,2.688,3.6799999999999997],"rotation":[0,180,0]}}}