{"parent":"minecraft:aj_rigs/ramiel/mode_1/outer3","display":{"head":{"translation":[0,-6.4,0],"scale":[3.2960000000000003,1.92,3.2960000000000003],"rotation":[0,180,0]}}}