{"parent":"minecraft:aj_rigs/ramiel/mode_1/outer","display":{"head":{"translation":[0,-6.4,0],"scale":[3.3280000000000003,2.8800000000000003,3.3280000000000003],"rotation":[0,180,0]}}}