{"parent":"minecraft:aj_rigs/ramiel/mode_1/outer10","display":{"head":{"translation":[0,-6.4,0],"scale":[3.3280000000000003,4.4159999999999995,3.3280000000000003],"rotation":[0,180,0]}}}