{"parent":"minecraft:aj_rigs/ramiel/mode_1/outer5","display":{"head":{"translation":[0,-6.4,0],"scale":[1.8559999999999999,3.5520000000000005,1.8559999999999999],"rotation":[0,180,0]}}}