{"parent":"minecraft:aj_rigs/ramiel/mode_1/outer8","display":{"head":{"translation":[0,-6.4,0],"scale":[2.4320000000000004,4.864000000000001,2.4320000000000004],"rotation":[0,180,0]}}}