{"parent":"minecraft:aj_rigs/ramiel/mode_1/outer9","display":{"head":{"translation":[0,-6.4,0],"scale":[3.5200000000000005,3.4240000000000004,3.5200000000000005],"rotation":[0,180,0]}}}