{"parent":"minecraft:aj_rigs/ramiel/mode_1/outer9","display":{"head":{"translation":[0,-6.4,0],"scale":[0.8320000000000001,1.504,0.8320000000000001],"rotation":[0,180,0]}}}