{"parent":"minecraft:aj_rigs/ramiel/mode_1/outer3","display":{"head":{"translation":[0,-6.4,0],"scale":[2.5600000000000005,1.6320000000000001,2.5600000000000005],"rotation":[0,180,0]}}}