{"parent":"minecraft:aj_rigs/ramiel/mode_1/outer9","display":{"head":{"translation":[0,-6.4,0],"scale":[3.4880000000000004,4.4159999999999995,3.4880000000000004],"rotation":[0,180,0]}}}