{"parent":"minecraft:aj_rigs/ramiel/mode_1/outer9","display":{"head":{"translation":[0,-6.4,0],"scale":[1.7600000000000002,4.384,1.7600000000000002],"rotation":[0,180,0]}}}