{"parent":"minecraft:aj_rigs/ramiel/mode_1/tip2","display":{"head":{"translation":[0,-6.4,0],"scale":[4.4159999999999995,3.232,4.4159999999999995],"rotation":[0,180,0]}}}