{"parent":"minecraft:aj_rigs/ramiel/mode_1/tip2","display":{"head":{"translation":[0,-6.4,0],"scale":[2.2399999999999998,4.256,2.2399999999999998],"rotation":[0,180,0]}}}