{"parent":"minecraft:aj_rigs/ramiel/mode_1/tip2","display":{"head":{"translation":[0,-6.4,0],"scale":[4.864000000000001,3.04,4.864000000000001],"rotation":[0,180,0]}}}