{"parent":"minecraft:aj_rigs/ramiel/mode_1/tip2","display":{"head":{"translation":[0,-6.4,0],"scale":[0.6080000000000001,3.104,0.6080000000000001],"rotation":[0,180,0]}}}