{"parent":"minecraft:aj_rigs/ramiel/mode_1/tip3","display":{"head":{"translation":[0,-6.4,0],"scale":[3.5520000000000005,3.6479999999999997,3.5520000000000005],"rotation":[0,180,0]}}}