{"parent":"minecraft:aj_rigs/ramiel/mode_1/tip5","display":{"head":{"translation":[0,-6.4,0],"scale":[0.22400000000000003,1.6640000000000001,0.22400000000000003],"rotation":[0,180,0]}}}