{"parent":"minecraft:aj_rigs/ramiel/mode_1/tip6","display":{"head":{"translation":[0,-6.4,0],"scale":[0.8640000000000001,4.352,0.8640000000000001],"rotation":[0,180,0]}}}