{"parent":"minecraft:aj_rigs/ramiel/mode_1/tip6","display":{"head":{"translation":[0,-6.4,0],"scale":[4.800000000000001,2.656,4.800000000000001],"rotation":[0,180,0]}}}