{"parent":"minecraft:aj_rigs/ramiel_defeat/default/base","display":{"head":{"translation":[0,-6.4,0],"scale":[1.7920000000000003,2.4640000000000004,1.7920000000000003],"rotation":[0,180,0]}}}