{"parent":"minecraft:aj_rigs/ramiel_defeat/default/base","display":{"head":{"translation":[0,-6.4,0],"scale":[3.2960000000000003,4,3.2960000000000003],"rotation":[0,180,0]}}}