{"parent":"minecraft:aj_rigs/ramiel_defeat/default/bone4","display":{"head":{"translation":[0,-6.4,0],"scale":[4,2.4000000000000004,3.2960000000000003],"rotation":[0,180,0]}}}