{"parent":"minecraft:aj_rigs/ramiel_defeat/default/bone4","display":{"head":{"translation":[0,-6.4,0],"scale":[4,3.4560000000000004,3.7439999999999998],"rotation":[0,180,0]}}}