{"parent":"minecraft:aj_rigs/ramiel_defeat/default/bone4","display":{"head":{"translation":[0,-6.4,0],"scale":[3.2960000000000003,3.776,3.5520000000000005],"rotation":[0,180,0]}}}