{"parent":"minecraft:aj_rigs/ramiel_defeat/default/bone6","display":{"head":{"translation":[0,-6.4,0],"scale":[1.8559999999999999,3.4560000000000004,2.7840000000000003],"rotation":[0,180,0]}}}