{"parent":"minecraft:aj_rigs/ramiel_defeat/default/bone","display":{"head":{"translation":[0,-6.4,0],"scale":[0.992,3.3280000000000003,2.4320000000000004],"rotation":[0,180,0]}}}