{"parent":"minecraft:aj_rigs/ramiel_defeat/default/bone8","display":{"head":{"translation":[0,-6.4,0],"scale":[3.6479999999999997,3.6479999999999997,3.6479999999999997],"rotation":[0,180,0]}}}