{"parent":"minecraft:aj_rigs/ramiel_defeat/default/bone8","display":{"head":{"translation":[0,-6.4,0],"scale":[2.5920000000000005,3.5840000000000005,3.136],"rotation":[0,180,0]}}}