{"parent":"minecraft:aj_rigs/ramiel_defeat/default/spike","display":{"head":{"translation":[0,-6.4,0],"scale":[2.7520000000000002,2.7520000000000002,2.7520000000000002],"rotation":[0,180,0]}}}