{"parent":"minecraft:aj_rigs/ramiel/default/base3","display":{"head":{"translation":[0,-6.4,0],"scale":[2.7840000000000003,2.7840000000000003,2.7840000000000003],"rotation":[0,180,0]}}}