{"parent":"minecraft:aj_rigs/ramiel/default/bone4","display":{"head":{"translation":[0,-6.4,0],"scale":[1.6960000000000002,1.6960000000000002,1.6960000000000002],"rotation":[0,180,0]}}}