{"parent":"minecraft:aj_rigs/ramiel/default/bone16","display":{"head":{"translation":[0,-6.4,0],"scale":[3.5520000000000005,3.5520000000000005,3.5520000000000005],"rotation":[0,180,0]}}}