{"parent":"minecraft:aj_rigs/ramiel/default/bone8","display":{"head":{"translation":[0,-6.4,0],"scale":[1.7920000000000003,1.7920000000000003,1.7920000000000003],"rotation":[0,180,0]}}}