{"parent":"minecraft:aj_rigs/ramiel/default/bone7","display":{"head":{"translation":[0,-6.4,0],"scale":[1.8559999999999999,1.8559999999999999,1.8559999999999999],"rotation":[0,180,0]}}}