{"parent":"minecraft:aj_rigs/ramiel/default/bone8","display":{"head":{"translation":[0,-6.4,0],"scale":[3.4240000000000004,3.4240000000000004,3.4240000000000004],"rotation":[0,180,0]}}}