{"parent":"minecraft:aj_rigs/ramiel/default/bone6","display":{"head":{"translation":[0,-6.4,0],"scale":[1.2800000000000002,1.2800000000000002,1.2800000000000002],"rotation":[0,180,0]}}}