{"parent":"minecraft:aj_rigs/ramiel/default/cubecenter4","display":{"head":{"translation":[0,-6.4,0],"scale":[0.672,0.6080000000000001,2.5280000000000005],"rotation":[0,180,0]}}}