{"parent":"minecraft:aj_rigs/ramiel/default/cubecenter4","display":{"head":{"translation":[0,-6.4,0],"scale":[0.35200000000000004,0.35200000000000004,1.3760000000000001],"rotation":[0,180,0]}}}