{"parent":"minecraft:aj_rigs/ramiel/default/cubecenter","display":{"head":{"translation":[0,-6.4,0],"scale":[0.7360000000000001,0.22400000000000003,0.22400000000000003],"rotation":[0,180,0]}}}