{"parent":"minecraft:aj_rigs/ramiel/default/cubecenter","display":{"head":{"translation":[0,-6.4,0],"scale":[1.4080000000000001,0.41600000000000004,0.41600000000000004],"rotation":[0,180,0]}}}