{"parent":"minecraft:aj_rigs/ramiel/default/cubecenter6","display":{"head":{"translation":[0,-6.4,0],"scale":[1.7920000000000003,0.6080000000000001,0.6080000000000001],"rotation":[0,180,0]}}}