{"parent":"minecraft:aj_rigs/ramiel/default/cubecenter3","display":{"head":{"translation":[0,-6.4,0],"scale":[0.22400000000000003,0.22400000000000003,0.9279999999999999],"rotation":[0,180,0]}}}