{"parent":"minecraft:aj_rigs/ramiel/default/cubecenter5","display":{"head":{"translation":[0,-6.4,0],"scale":[0.44800000000000006,1.6960000000000002,0.41600000000000004],"rotation":[0,180,0]}}}