{"parent":"minecraft:aj_rigs/ramiel/default/cubecenter2","display":{"head":{"translation":[0,-6.4,0],"scale":[0.32000000000000006,1.312,0.32000000000000006],"rotation":[0,180,0]}}}