{"parent":"minecraft:aj_rigs/ramiel/default/innercube11","display":{"head":{"translation":[0,-6.4,0],"scale":[2.7840000000000003,0.6400000000000001,2.7840000000000003],"rotation":[0,180,0]}}}