{"parent":"minecraft:aj_rigs/ramiel/default/innercube5","display":{"head":{"translation":[0,-6.4,0],"scale":[3.3920000000000003,0.544,3.3920000000000003],"rotation":[0,180,0]}}}