{"parent":"minecraft:aj_rigs/ramiel/default/inner9","display":{"head":{"translation":[0,-6.4,0],"scale":[1.7280000000000002,2.4960000000000004,1.7280000000000002],"rotation":[0,180,0]}}}