{"parent":"minecraft:aj_rigs/ramiel/default/innercube8","display":{"head":{"translation":[0,-6.4,0],"scale":[1.8559999999999999,0.32000000000000006,1.8559999999999999],"rotation":[0,180,0]}}}