{"parent":"minecraft:aj_rigs/ramiel/default/innercube5","display":{"head":{"translation":[0,-6.4,0],"scale":[3.5200000000000005,0.576,3.5200000000000005],"rotation":[0,180,0]}}}