{"parent":"minecraft:aj_rigs/ramiel/default/innercube11","display":{"head":{"translation":[0,-6.4,0],"scale":[3.5520000000000005,0.7040000000000001,3.5520000000000005],"rotation":[0,180,0]}}}