{"parent":"minecraft:aj_rigs/ramiel/default/innercube4","display":{"head":{"translation":[0,-6.4,0],"scale":[0.35200000000000004,0.44800000000000006,0.35200000000000004],"rotation":[0,180,0]}}}