{"parent":"minecraft:aj_rigs/ramiel/default/inner4","display":{"head":{"translation":[0,-6.4,0],"scale":[4.992000000000001,4.992000000000001,4.992000000000001],"rotation":[0,180,0]}}}