{"parent":"minecraft:aj_rigs/ramiel/default/innercube10","display":{"head":{"translation":[0,-6.4,0],"scale":[0.6080000000000001,0.096,0.6080000000000001],"rotation":[0,180,0]}}}