{"parent":"minecraft:aj_rigs/ramiel/default/inner10","display":{"head":{"translation":[0,-6.4,0],"scale":[2.9120000000000004,4.896000000000001,2.9120000000000004],"rotation":[0,180,0]}}}