{"parent":"minecraft:aj_rigs/ramiel/default/inner2","display":{"head":{"translation":[0,-6.4,0],"scale":[4.4479999999999995,4.4479999999999995,4.4479999999999995],"rotation":[0,180,0]}}}