{"parent":"minecraft:aj_rigs/ramiel/default/innercube3","display":{"head":{"translation":[0,-6.4,0],"scale":[1.7920000000000003,0,1.7920000000000003],"rotation":[0,180,0]}}}