{"parent":"minecraft:aj_rigs/ramiel/default/innercube","display":{"head":{"translation":[0,-6.4,0],"scale":[1.2480000000000002,0.192,1.2480000000000002],"rotation":[0,180,0]}}}