{"parent":"minecraft:aj_rigs/ramiel/default/inner8","display":{"head":{"translation":[0,-6.4,0],"scale":[2.8800000000000003,5.760000000000001,2.8800000000000003],"rotation":[0,180,0]}}}