{"parent":"minecraft:aj_rigs/ramiel/default/inner10","display":{"head":{"translation":[0,-6.4,0],"scale":[2.8480000000000003,6.688,2.8480000000000003],"rotation":[0,180,0]}}}