{"parent":"minecraft:aj_rigs/ramiel/default/inner11","display":{"head":{"translation":[0,-6.4,0],"scale":[0.6400000000000001,1.6,0.6400000000000001],"rotation":[0,180,0]}}}