{"parent":"minecraft:aj_rigs/ramiel/default/inner10","display":{"head":{"translation":[0,-6.4,0],"scale":[0.7360000000000001,8.576,0.7360000000000001],"rotation":[0,180,0]}}}