{"parent":"minecraft:aj_rigs/ramiel/default/innercube10","display":{"head":{"translation":[0,-6.4,0],"scale":[2.9440000000000004,0.41600000000000004,2.9440000000000004],"rotation":[0,180,0]}}}