{"parent":"minecraft:aj_rigs/ramiel/default/inner12","display":{"head":{"translation":[0,-6.4,0],"scale":[3.3600000000000003,3.2,3.3600000000000003],"rotation":[0,180,0]}}}