{"parent":"minecraft:aj_rigs/ramiel/default/inner9","display":{"head":{"translation":[0,-6.4,0],"scale":[2.4000000000000004,5.952000000000001,2.4000000000000004],"rotation":[0,180,0]}}}