{"parent":"minecraft:aj_rigs/ramiel/default/inner12","display":{"head":{"translation":[0,-6.4,0],"scale":[4.864000000000001,4.064,4.864000000000001],"rotation":[0,180,0]}}}