{"parent":"minecraft:aj_rigs/ramiel/default/inner","display":{"head":{"translation":[0,-6.4,0],"scale":[2.5920000000000005,4.960000000000001,2.5920000000000005],"rotation":[0,180,0]}}}