{"parent":"minecraft:aj_rigs/ramiel/default/innercube8","display":{"head":{"translation":[0,-6.4,0],"scale":[1.4400000000000002,0.256,1.4400000000000002],"rotation":[0,180,0]}}}