{"parent":"minecraft:aj_rigs/ramiel/default/inner2","display":{"head":{"translation":[0,-6.4,0],"scale":[5.120000000000001,2.9120000000000004,5.120000000000001],"rotation":[0,180,0]}}}