{"parent":"minecraft:aj_rigs/ramiel/default/inner8","display":{"head":{"translation":[0,-6.4,0],"scale":[2.5600000000000005,5.632000000000001,2.5600000000000005],"rotation":[0,180,0]}}}