{"parent":"minecraft:aj_rigs/ramiel/default/outer9","display":{"head":{"translation":[0,-6.4,0],"scale":[1.6320000000000001,4.032,1.6320000000000001],"rotation":[0,180,0]}}}