{"parent":"minecraft:aj_rigs/ramiel/default/outer7","display":{"head":{"translation":[0,-6.4,0],"scale":[2.2079999999999997,4.384,2.2079999999999997],"rotation":[0,180,0]}}}