{"parent":"minecraft:aj_rigs/ramiel/default/outer12","display":{"head":{"translation":[0,-6.4,0],"scale":[1.4080000000000001,2.8160000000000003,1.4080000000000001],"rotation":[0,180,0]}}}