{"parent":"minecraft:aj_rigs/ramiel/default/outer11","display":{"head":{"translation":[0,-6.4,0],"scale":[0.7360000000000001,1.4400000000000002,0.7360000000000001],"rotation":[0,180,0]}}}