{"parent":"minecraft:aj_rigs/ramiel/default/outer12","display":{"head":{"translation":[0,-6.4,0],"scale":[1.2800000000000002,5.696000000000001,1.2800000000000002],"rotation":[0,180,0]}}}