{"parent":"minecraft:aj_rigs/ramiel/default/outer2","display":{"head":{"translation":[0,-6.4,0],"scale":[2.9440000000000004,3.04,2.9440000000000004],"rotation":[0,180,0]}}}