{"parent":"minecraft:aj_rigs/ramiel/default/outer2","display":{"head":{"translation":[0,-6.4,0],"scale":[1.1199999999999999,3.872,1.1199999999999999],"rotation":[0,180,0]}}}