{"parent":"minecraft:aj_rigs/ramiel/default/outer10","display":{"head":{"translation":[0,-6.4,0],"scale":[2.4320000000000004,4.4159999999999995,2.4320000000000004],"rotation":[0,180,0]}}}