{"parent":"minecraft:aj_rigs/ramiel/default/outer9","display":{"head":{"translation":[0,-6.4,0],"scale":[1.4400000000000002,5.312,1.4400000000000002],"rotation":[0,180,0]}}}