{"parent":"minecraft:aj_rigs/ramiel/default/outer7","display":{"head":{"translation":[0,-6.4,0],"scale":[2.9120000000000004,2.5600000000000005,2.9120000000000004],"rotation":[0,180,0]}}}