{"parent":"minecraft:aj_rigs/ramiel/default/tip2","display":{"head":{"translation":[0,-6.4,0],"scale":[0.16000000000000003,1.312,0.16000000000000003],"rotation":[0,180,0]}}}