{"parent":"minecraft:aj_rigs/ramiel/default/tip2","display":{"head":{"translation":[0,-6.4,0],"scale":[3.4880000000000004,2.144,3.5200000000000005],"rotation":[0,180,0]}}}