{"parent":"minecraft:aj_rigs/ramiel/default/tip3","display":{"head":{"translation":[0,-6.4,0],"scale":[0.9279999999999999,4.864000000000001,0.9279999999999999],"rotation":[0,180,0]}}}