{"parent":"minecraft:aj_rigs/ramiel/default/tip4","display":{"head":{"translation":[0,-6.4,0],"scale":[0.8640000000000001,4.288,0.8640000000000001],"rotation":[0,180,0]}}}