{"parent":"minecraft:aj_rigs/ramiel/default/tip5","display":{"head":{"translation":[0,-6.4,0],"scale":[1.7920000000000003,4.4479999999999995,1.7920000000000003],"rotation":[0,180,0]}}}