{"parent":"minecraft:aj_rigs/ramiel/default/tip5","display":{"head":{"translation":[0,-6.4,0],"scale":[0.44800000000000006,5.056000000000001,0.44800000000000006],"rotation":[0,180,0]}}}