{"parent":"minecraft:aj_rigs/ramiel/default/tip","display":{"head":{"translation":[0,-6.4,0],"scale":[0.44800000000000006,2.176,0.44800000000000006],"rotation":[0,180,0]}}}