{"parent":"minecraft:aj_rigs/ramiel/default/tip","display":{"head":{"translation":[0,-6.4,0],"scale":[0.8960000000000001,4.4159999999999995,0.8960000000000001],"rotation":[0,180,0]}}}