{"parent":"minecraft:aj_rigs/ramiel_mode_1/default/base2","display":{"head":{"translation":[0,-6.4,0],"scale":[1.2160000000000002,1.2160000000000002,1.2160000000000002],"rotation":[0,180,0]}}}