{"parent":"minecraft:aj_rigs/ramiel_mode_1/default/base2","display":{"head":{"translation":[0,-6.4,0],"scale":[2.2079999999999997,2.2079999999999997,2.2079999999999997],"rotation":[0,180,0]}}}