{"parent":"minecraft:aj_rigs/ramiel_mode_1/default/bone2","display":{"head":{"translation":[0,-6.4,0],"scale":[2.8160000000000003,2.8160000000000003,2.8160000000000003],"rotation":[0,180,0]}}}