{"parent":"minecraft:aj_rigs/ramiel_mode_1/default/innercube8","display":{"head":{"translation":[0,-6.4,0],"scale":[1.3760000000000001,0.22400000000000003,1.3760000000000001],"rotation":[0,180,0]}}}