{"parent":"minecraft:aj_rigs/ramiel_mode_1/default/innercube3","display":{"head":{"translation":[0,-6.4,0],"scale":[2.2079999999999997,0.192,2.2079999999999997],"rotation":[0,180,0]}}}