{"parent":"minecraft:aj_rigs/ramiel_mode_1/default/innercube9","display":{"head":{"translation":[0,-6.4,0],"scale":[1.6640000000000001,0.6080000000000001,1.6640000000000001],"rotation":[0,180,0]}}}