{"parent":"minecraft:aj_rigs/ramiel_mode_1/default/innercube","display":{"head":{"translation":[0,-6.4,0],"scale":[1.7280000000000002,0.16000000000000003,1.7280000000000002],"rotation":[0,180,0]}}}