{"parent":"minecraft:aj_rigs/ramiel_mode_1/default/innercube3","display":{"head":{"translation":[0,-6.4,0],"scale":[2.2399999999999998,0.256,2.2399999999999998],"rotation":[0,180,0]}}}