{"parent":"minecraft:aj_rigs/ramiel_mode_1/default/innercube9","display":{"head":{"translation":[0,-6.4,0],"scale":[0.16000000000000003,0.35200000000000004,0.16000000000000003],"rotation":[0,180,0]}}}