{"parent":"minecraft:aj_rigs/ramiel_mode_1/default/innercube3","display":{"head":{"translation":[0,-6.4,0],"scale":[1.1199999999999999,0.192,1.1199999999999999],"rotation":[0,180,0]}}}