{"parent":"minecraft:aj_rigs/ramiel_mode_1/default/innercube3","display":{"head":{"translation":[0,-6.4,0],"scale":[1.2480000000000002,0,1.2480000000000002],"rotation":[0,180,0]}}}