{"parent":"minecraft:aj_rigs/ramiel_mode_1/default/innercube9","display":{"head":{"translation":[0,-6.4,0],"scale":[1.6960000000000002,0.8640000000000001,1.6960000000000002],"rotation":[0,180,0]}}}