{"parent":"minecraft:aj_rigs/ramiel_mode_1/default/innercube9","display":{"head":{"translation":[0,-6.4,0],"scale":[1.8559999999999999,0.7040000000000001,1.8559999999999999],"rotation":[0,180,0]}}}