{"parent":"minecraft:aj_rigs/ramiel_mode_1/default/innercube6","display":{"head":{"translation":[0,-6.4,0],"scale":[1.7920000000000003,0.16000000000000003,1.7920000000000003],"rotation":[0,180,0]}}}