{"parent":"minecraft:aj_rigs/ramiel_mode_1/default/innercube6","display":{"head":{"translation":[0,-6.4,0],"scale":[1.4080000000000001,0.192,1.4080000000000001],"rotation":[0,180,0]}}}