{"parent":"minecraft:aj_rigs/ramiel_mode_1/default/innercube8","display":{"head":{"translation":[0,-6.4,0],"scale":[0.44800000000000006,0.096,0.44800000000000006],"rotation":[0,180,0]}}}