{"parent":"minecraft:aj_rigs/ramiel_mode_1/default/innercube8","display":{"head":{"translation":[0,-6.4,0],"scale":[1.4720000000000002,0.256,1.4720000000000002],"rotation":[0,180,0]}}}