{"parent":"minecraft:aj_rigs/ramiel_mode_1/default/innercube11","display":{"head":{"translation":[0,-6.4,0],"scale":[3.6479999999999997,0.768,3.6479999999999997],"rotation":[0,180,0]}}}