{"parent":"minecraft:aj_rigs/ramiel_mode_1/default/innercube12","display":{"head":{"translation":[0,-6.4,0],"scale":[3.5200000000000005,0.7040000000000001,3.5200000000000005],"rotation":[0,180,0]}}}