{"parent":"minecraft:aj_rigs/ramiel_mode_1/mode_1/bone7","display":{"head":{"translation":[0,-6.4,0],"scale":[1.8239999999999998,1.8239999999999998,1.8239999999999998],"rotation":[0,180,0]}}}