{"parent":"minecraft:aj_rigs/ramiel_mode_1/mode_1/bone4","display":{"head":{"translation":[0,-6.4,0],"scale":[3.2640000000000002,3.2640000000000002,3.2640000000000002],"rotation":[0,180,0]}}}