{"parent":"minecraft:aj_rigs/ramiel_mode_1/mode_1/bone6","display":{"head":{"translation":[0,-6.4,0],"scale":[1.3760000000000001,1.3760000000000001,1.3760000000000001],"rotation":[0,180,0]}}}