{"parent":"minecraft:aj_rigs/ramiel_mode_1/mode_1/bone5","display":{"head":{"translation":[0,-6.4,0],"scale":[3.3920000000000003,3.3920000000000003,3.3920000000000003],"rotation":[0,180,0]}}}