{"parent":"minecraft:aj_rigs/ramiel_mode_1/mode_1/innercube3","display":{"head":{"translation":[0,-6.4,0],"scale":[1.2800000000000002,0.22400000000000003,1.2800000000000002],"rotation":[0,180,0]}}}