{"parent":"minecraft:aj_rigs/ramiel_mode_1/mode_1/innercube","display":{"head":{"translation":[0,-6.4,0],"scale":[1.8559999999999999,0.16000000000000003,1.8559999999999999],"rotation":[0,180,0]}}}