{"parent":"minecraft:aj_rigs/ramiel_mode_1/mode_1/innercube10","display":{"head":{"translation":[0,-6.4,0],"scale":[0.8960000000000001,0.16000000000000003,0.8960000000000001],"rotation":[0,180,0]}}}