{"parent":"minecraft:aj_rigs/ramiel_mode_1/mode_1/innercube3","display":{"head":{"translation":[0,-6.4,0],"scale":[0.6400000000000001,0.128,0.6400000000000001],"rotation":[0,180,0]}}}