{"parent":"minecraft:aj_rigs/ramiel_mode_1/mode_1/innercube10","display":{"head":{"translation":[0,-6.4,0],"scale":[3.4560000000000004,0.576,3.4560000000000004],"rotation":[0,180,0]}}}