{"parent":"minecraft:aj_rigs/ramiel_mode_1/mode_1/innercube8","display":{"head":{"translation":[0,-6.4,0],"scale":[2.4000000000000004,0.384,2.4000000000000004],"rotation":[0,180,0]}}}