{"parent":"minecraft:aj_rigs/ramiel_mode_1/mode_1/innercube2","display":{"head":{"translation":[0,-6.4,0],"scale":[0.32000000000000006,0.288,0.32000000000000006],"rotation":[0,180,0]}}}