{"parent":"minecraft:aj_rigs/ramiel_mode_1/mode_1/innercube4","display":{"head":{"translation":[0,-6.4,0],"scale":[1.4080000000000001,0.512,1.4080000000000001],"rotation":[0,180,0]}}}