{"parent":"minecraft:aj_rigs/ramiel_mode_1/mode_1/innercube10","display":{"head":{"translation":[0,-6.4,0],"scale":[3.5840000000000005,0.6080000000000001,3.5840000000000005],"rotation":[0,180,0]}}}