{"parent":"minecraft:aj_rigs/ramiel_mode_1/mode_1/innercube5","display":{"head":{"translation":[0,-6.4,0],"scale":[3.2960000000000003,0.512,3.2960000000000003],"rotation":[0,180,0]}}}