{"parent":"minecraft:aj_rigs/ramiel_mode_1/mode_1/innercube11","display":{"head":{"translation":[0,-6.4,0],"scale":[3.6799999999999997,0.8,3.6799999999999997],"rotation":[0,180,0]}}}