{"parent":"minecraft:aj_rigs/ramiel_mode_1/mode_1/innercube2","display":{"head":{"translation":[0,-6.4,0],"scale":[0.35200000000000004,0.288,0.35200000000000004],"rotation":[0,180,0]}}}