{"parent":"minecraft:aj_rigs/ramiel_mode_1/mode_1/innercube","display":{"head":{"translation":[0,-6.4,0],"scale":[0.6080000000000001,0.032,0.6080000000000001],"rotation":[0,180,0]}}}