{"parent":"minecraft:aj_rigs/ramiel_mode_1/mode_1/innercube10","display":{"head":{"translation":[0,-6.4,0],"scale":[3.3600000000000003,0.576,3.3600000000000003],"rotation":[0,180,0]}}}