{"parent":"minecraft:aj_rigs/ramiel_mode_1/mode_1/innercube6","display":{"head":{"translation":[0,-6.4,0],"scale":[0.7360000000000001,0.032,0.7360000000000001],"rotation":[0,180,0]}}}