{"parent":"minecraft:aj_rigs/ramiel_mode_1/mode_1/innercube11","display":{"head":{"translation":[0,-6.4,0],"scale":[2.9120000000000004,0.44800000000000006,2.9120000000000004],"rotation":[0,180,0]}}}