{"parent":"minecraft:aj_rigs/ramiel_mode_4/default/base2","display":{"head":{"translation":[0,-6.4,0],"scale":[2.8800000000000003,0.8640000000000001,2.8800000000000003],"rotation":[0,180,0]}}}