{"parent":"minecraft:aj_rigs/ramiel_mode_4/default/bone2","display":{"head":{"translation":[0,-6.4,0],"scale":[2.9120000000000004,1.8239999999999998,2.4320000000000004],"rotation":[0,180,0]}}}