{"parent":"minecraft:aj_rigs/ramiel_mode_4/default/bone4","display":{"head":{"translation":[0,-6.4,0],"scale":[3.2,2.4320000000000004,2.8480000000000003],"rotation":[0,180,0]}}}