{"parent":"minecraft:aj_rigs/ramiel_mode_4/default/bone8","display":{"head":{"translation":[0,-6.4,0],"scale":[0.8640000000000001,0.544,0.7360000000000001],"rotation":[0,180,0]}}}