{"parent":"minecraft:aj_rigs/ramiel_mode_4/default/bone5","display":{"head":{"translation":[0,-6.4,0],"scale":[0.544,0.32000000000000006,0.44800000000000006],"rotation":[0,180,0]}}}