{"parent":"minecraft:aj_rigs/ramiel_mode_4/default/bone8","display":{"head":{"translation":[0,-6.4,0],"scale":[1.4080000000000001,0.8960000000000001,1.184],"rotation":[0,180,0]}}}