{"parent":"minecraft:aj_rigs/ramiel_mode_4/default/bone6","display":{"head":{"translation":[0,-6.4,0],"scale":[1.984,1.2480000000000002,1.6640000000000001],"rotation":[0,180,0]}}}