{"parent":"minecraft:aj_rigs/ramiel_mode_4/default/bone4","display":{"head":{"translation":[0,-6.4,0],"scale":[1.1199999999999999,0.7040000000000001,0.9279999999999999],"rotation":[0,180,0]}}}