{"parent":"minecraft:aj_rigs/ramiel_mode_4/default/bone3","display":{"head":{"translation":[0,-6.4,0],"scale":[3.2,2.2399999999999998,2.7520000000000002],"rotation":[0,180,0]}}}