{"parent":"minecraft:aj_rigs/ramiel_mode_4/default/bone3","display":{"head":{"translation":[0,-6.4,0],"scale":[2.8800000000000003,1.7920000000000003,2.4000000000000004],"rotation":[0,180,0]}}}