{"parent":"minecraft:aj_rigs/ramiel_mode_4/default/bone8","display":{"head":{"translation":[0,-6.4,0],"scale":[3.2,2.5600000000000005,2.9120000000000004],"rotation":[0,180,0]}}}