{"parent":"minecraft:aj_rigs/ramiel_mode_4/default/bone4","display":{"head":{"translation":[0,-6.4,0],"scale":[1.6960000000000002,1.056,1.4080000000000001],"rotation":[0,180,0]}}}