{"parent":"minecraft:aj_rigs/ramiel_mode_4/default/bone6","display":{"head":{"translation":[0,-6.4,0],"scale":[2.688,1.6640000000000001,2.2399999999999998],"rotation":[0,180,0]}}}