{"parent":"minecraft:aj_rigs/ramiel_mode_4/default/bone5","display":{"head":{"translation":[0,-6.4,0],"scale":[1.4400000000000002,0.8960000000000001,1.2160000000000002],"rotation":[0,180,0]}}}