{"parent":"minecraft:aj_rigs/ramiel_mode_4/default/bone3","display":{"head":{"translation":[0,-6.4,0],"scale":[1.7280000000000002,1.088,1.4400000000000002],"rotation":[0,180,0]}}}