{"parent":"minecraft:aj_rigs/ramiel_mode_4/default/bone7","display":{"head":{"translation":[0,-6.4,0],"scale":[3.2,2.7520000000000002,2.9760000000000004],"rotation":[0,180,0]}}}