{"parent":"minecraft:aj_rigs/ramiel_mode_4/default/innerspike","display":{"head":{"translation":[0,-6.4,0],"scale":[2.2399999999999998,1.6,2.2399999999999998],"rotation":[0,180,0]}}}