{"parent":"minecraft:aj_rigs/ramiel_mode_4/default/inner3","display":{"head":{"translation":[0,-6.4,0],"scale":[2.4000000000000004,2.4000000000000004,2.4000000000000004],"rotation":[0,180,0]}}}