{"parent":"minecraft:aj_rigs/ramiel_mode_4/default/mid2","display":{"head":{"translation":[0,-6.4,0],"scale":[2.4640000000000004,2.2399999999999998,2.4640000000000004],"rotation":[0,180,0]}}}