{"parent":"minecraft:aj_rigs/ramiel_mode_4/default/mid3","display":{"head":{"translation":[0,-6.4,0],"scale":[0.35200000000000004,0.32000000000000006,0.35200000000000004],"rotation":[0,180,0]}}}