{"parent":"minecraft:aj_rigs/ramiel_mode_4/default/mid","display":{"head":{"translation":[0,-6.4,0],"scale":[2.5280000000000005,2.304,2.5280000000000005],"rotation":[0,180,0]}}}