{"parent":"minecraft:aj_rigs/ramiel_mode_4/default/mid","display":{"head":{"translation":[0,-6.4,0],"scale":[1.6320000000000001,1.4720000000000002,1.6320000000000001],"rotation":[0,180,0]}}}