{"parent":"minecraft:aj_rigs/ramiel_mode_4/default/outer3","display":{"head":{"translation":[0,-6.4,0],"scale":[1.4400000000000002,0.44800000000000006,1.4400000000000002],"rotation":[0,180,0]}}}