{"parent":"minecraft:aj_rigs/ramiel_mode_4/default/outer","display":{"head":{"translation":[0,-6.4,0],"scale":[1.3760000000000001,0.44800000000000006,1.3760000000000001],"rotation":[0,180,0]}}}