{"parent":"minecraft:aj_rigs/ramiel_mode_4/default/outer","display":{"head":{"translation":[0,-6.4,0],"scale":[0.22400000000000003,0.064,0.22400000000000003],"rotation":[0,180,0]}}}