{"parent":"minecraft:aj_rigs/ramiel_mode_4/default/outer2","display":{"head":{"translation":[0,-6.4,0],"scale":[1.7920000000000003,0.544,1.7920000000000003],"rotation":[0,180,0]}}}