{"parent":"minecraft:aj_rigs/ramiel_mode_4/default/outer","display":{"head":{"translation":[0,-6.4,0],"scale":[0.8960000000000001,0.288,0.8960000000000001],"rotation":[0,180,0]}}}