{"parent":"minecraft:aj_rigs/ramiel_mode_4/default/outer","display":{"head":{"translation":[0,-6.4,0],"scale":[1.6960000000000002,0.544,1.6960000000000002],"rotation":[0,180,0]}}}