{"parent":"minecraft:aj_rigs/ramiel_mode_4/default/outer3","display":{"head":{"translation":[0,-6.4,0],"scale":[1.2160000000000002,0.384,1.2160000000000002],"rotation":[0,180,0]}}}