{"parent":"minecraft:aj_rigs/ramiel_mode_4/default/upmost","display":{"head":{"translation":[0,-6.4,0],"scale":[1.6960000000000002,1.088,1.6960000000000002],"rotation":[0,180,0]}}}