{"parent":"minecraft:aj_rigs/ramiel_mode_4/default/upmost","display":{"head":{"translation":[0,-6.4,0],"scale":[1.1199999999999999,0.7360000000000001,1.1199999999999999],"rotation":[0,180,0]}}}