{"parent":"minecraft:aj_rigs/ramiel_mode_3/default/base","display":{"head":{"translation":[0,-6.4,0],"scale":[0.6400000000000001,3.6479999999999997,0.6400000000000001],"rotation":[0,180,0]}}}