{"parent":"minecraft:aj_rigs/ramiel_mode_3/default/base2","display":{"head":{"translation":[0,-6.4,0],"scale":[0.7040000000000001,1.536,0.7040000000000001],"rotation":[0,180,0]}}}