{"parent":"minecraft:aj_rigs/ramiel_mode_3/default/base2","display":{"head":{"translation":[0,-6.4,0],"scale":[2.5920000000000005,4.192,2.5920000000000005],"rotation":[0,180,0]}}}