{"parent":"minecraft:aj_rigs/ramiel_mode_3/default/bone5","display":{"head":{"translation":[0,-6.4,0],"scale":[0.6080000000000001,2.9760000000000004,2.144],"rotation":[0,180,0]}}}