{"parent":"minecraft:aj_rigs/ramiel_mode_3/default/bone4","display":{"head":{"translation":[0,-6.4,0],"scale":[1.536,3.5520000000000005,2.7520000000000002],"rotation":[0,180,0]}}}