{"parent":"minecraft:aj_rigs/ramiel_mode_3/default/bone4","display":{"head":{"translation":[0,-6.4,0],"scale":[2.048,3.6479999999999997,2.9440000000000004],"rotation":[0,180,0]}}}