{"parent":"minecraft:aj_rigs/ramiel_mode_3/default/bone5","display":{"head":{"translation":[0,-6.4,0],"scale":[2.5920000000000005,3.7439999999999998,3.2],"rotation":[0,180,0]}}}