{"parent":"minecraft:aj_rigs/ramiel_mode_3/default/bone8","display":{"head":{"translation":[0,-6.4,0],"scale":[0.8,0.6400000000000001,0.7360000000000001],"rotation":[0,180,0]}}}