{"parent":"minecraft:aj_rigs/ramiel_mode_3/default/bone8","display":{"head":{"translation":[0,-6.4,0],"scale":[1.088,3.4560000000000004,2.5600000000000005],"rotation":[0,180,0]}}}