{"parent":"minecraft:aj_rigs/ramiel_mode_3/default/bone2","display":{"head":{"translation":[0,-6.4,0],"scale":[0.6080000000000001,1.8239999999999998,1.3760000000000001],"rotation":[0,180,0]}}}