{"parent":"minecraft:aj_rigs/ramiel_mode_3/default/bone6","display":{"head":{"translation":[0,-6.4,0],"scale":[0.6400000000000001,1.6960000000000002,1.2800000000000002],"rotation":[0,180,0]}}}