{"parent":"minecraft:aj_rigs/ramiel_mode_3/default/bone6","display":{"head":{"translation":[0,-6.4,0],"scale":[2.08,3.6479999999999997,2.9760000000000004],"rotation":[0,180,0]}}}