{"parent":"minecraft:aj_rigs/ramiel_mode_3/default/down10","display":{"head":{"translation":[0,-6.4,0],"scale":[0.41600000000000004,2.9120000000000004,0.41600000000000004],"rotation":[0,180,0]}}}