{"parent":"minecraft:aj_rigs/ramiel_mode_3/default/down10","display":{"head":{"translation":[0,-6.4,0],"scale":[0.22400000000000003,0.672,0.22400000000000003],"rotation":[0,180,0]}}}