{"parent":"minecraft:aj_rigs/ramiel_mode_3/default/down6","display":{"head":{"translation":[0,-6.4,0],"scale":[0.41600000000000004,1.6320000000000001,0.41600000000000004],"rotation":[0,180,0]}}}