{"parent":"minecraft:aj_rigs/ramiel_mode_3/default/down7","display":{"head":{"translation":[0,-6.4,0],"scale":[0.35200000000000004,0.992,0.35200000000000004],"rotation":[0,180,0]}}}