{"parent":"minecraft:aj_rigs/ramiel_mode_3/default/stem5","display":{"head":{"translation":[0,-6.4,0],"scale":[0.22400000000000003,1.7280000000000002,0.22400000000000003],"rotation":[0,180,0]}}}