{"parent":"minecraft:aj_rigs/ramiel_mode_3/default/stem11","display":{"head":{"translation":[0,-6.4,0],"scale":[0.16000000000000003,6.016,0.16000000000000003],"rotation":[0,180,0]}}}