{"parent":"minecraft:aj_rigs/ramiel_mode_3/default/stem","display":{"head":{"translation":[0,-6.4,0],"scale":[0.41600000000000004,3.6159999999999997,0.41600000000000004],"rotation":[0,180,0]}}}