{"parent":"minecraft:aj_rigs/ramiel_mode_3/default/up11","display":{"head":{"translation":[0,-6.4,0],"scale":[0.32000000000000006,0.32000000000000006,0.032],"rotation":[0,180,0]}}}