{"parent":"minecraft:aj_rigs/ramiel_mode_3/default/up11","display":{"head":{"translation":[0,-6.4,0],"scale":[0.35200000000000004,0.35200000000000004,0.032],"rotation":[0,180,0]}}}