{"parent":"minecraft:aj_rigs/ramiel_mode_3/default/up11","display":{"head":{"translation":[0,-6.4,0],"scale":[0.35200000000000004,1.024,0.35200000000000004],"rotation":[0,180,0]}}}