{"parent":"minecraft:aj_rigs/ramiel_mode_3/default/up4","display":{"head":{"translation":[0,-6.4,0],"scale":[0.41600000000000004,1.504,0.41600000000000004],"rotation":[0,180,0]}}}