{"parent":"minecraft:aj_rigs/ramiel_mode_3/default/up7","display":{"head":{"translation":[0,-6.4,0],"scale":[0.41600000000000004,1.7280000000000002,0.41600000000000004],"rotation":[0,180,0]}}}