{"parent":"minecraft:aj_rigs/ramiel_mode_3/default/up8","display":{"head":{"translation":[0,-6.4,0],"scale":[0.41600000000000004,2.7520000000000002,0.41600000000000004],"rotation":[0,180,0]}}}