{"parent":"minecraft:aj_rigs/ramiel_mode_2/mode_2/base4","display":{"head":{"translation":[0,-6.4,0],"scale":[2.2079999999999997,2.2079999999999997,2.2079999999999997],"rotation":[0,180,0]}}}