{"parent":"minecraft:aj_rigs/ramiel_mode_2/mode_2/bone11","display":{"head":{"translation":[0,-6.4,0],"scale":[3.4240000000000004,3.4240000000000004,3.4240000000000004],"rotation":[0,180,0]}}}