{"parent":"minecraft:aj_rigs/ramiel_mode_2/mode_2/core","display":{"head":{"translation":[0,-6.4,0],"scale":[2.4960000000000004,2.4960000000000004,2.4960000000000004],"rotation":[0,180,0]}}}