{"parent":"minecraft:aj_rigs/ramiel_mode_2/mode_2/core4","display":{"head":{"translation":[0,-6.4,0],"scale":[2.5920000000000005,2.5920000000000005,2.5920000000000005],"rotation":[0,180,0]}}}