{"parent":"minecraft:aj_rigs/ramiel_mode_2/mode_2/cubecenter6","display":{"head":{"translation":[0,-6.4,0],"scale":[0.48,0.16000000000000003,0.16000000000000003],"rotation":[0,180,0]}}}