{"parent":"minecraft:aj_rigs/ramiel_mode_2/mode_2/cubecenter","display":{"head":{"translation":[0,-6.4,0],"scale":[1.504,0.44800000000000006,0.44800000000000006],"rotation":[0,180,0]}}}