{"parent":"minecraft:aj_rigs/ramiel_mode_2/mode_2/cubecenter3","display":{"head":{"translation":[0,-6.4,0],"scale":[0.8640000000000001,0.8640000000000001,2.9120000000000004],"rotation":[0,180,0]}}}