{"parent":"minecraft:aj_rigs/ramiel_mode_2/mode_2/cubecenter6","display":{"head":{"translation":[0,-6.4,0],"scale":[0,0.6080000000000001,0.6080000000000001],"rotation":[0,180,0]}}}