{"parent":"minecraft:aj_rigs/ramiel_mode_2/mode_2/cubecenter5","display":{"head":{"translation":[0,-6.4,0],"scale":[0.35200000000000004,1.4720000000000002,0.35200000000000004],"rotation":[0,180,0]}}}