{"parent":"minecraft:aj_rigs/ramiel_mode_2/mode_2/cubecenter2","display":{"head":{"translation":[0,-6.4,0],"scale":[0.7040000000000001,1.152,0.7040000000000001],"rotation":[0,180,0]}}}