{"parent":"minecraft:aj_rigs/ramiel_mode_2/mode_2/inner7","display":{"head":{"translation":[0,-6.4,0],"scale":[2.7520000000000002,5.5040000000000004,2.7520000000000002],"rotation":[0,180,0]}}}