{"parent":"minecraft:aj_rigs/ramiel_mode_2/mode_2/inner11","display":{"head":{"translation":[0,-6.4,0],"scale":[2.2399999999999998,4.4799999999999995,2.2399999999999998],"rotation":[0,180,0]}}}