{"parent":"minecraft:aj_rigs/ramiel_mode_2/mode_2/inner2","display":{"head":{"translation":[0,-6.4,0],"scale":[5.664000000000001,3.5200000000000005,5.664000000000001],"rotation":[0,180,0]}}}