{"parent":"minecraft:aj_rigs/ramiel_mode_2/mode_2/inner10","display":{"head":{"translation":[0,-6.4,0],"scale":[0.9279999999999999,3.6479999999999997,0.9279999999999999],"rotation":[0,180,0]}}}