{"parent":"minecraft:aj_rigs/ramiel_mode_2/mode_2/inner12","display":{"head":{"translation":[0,-6.4,0],"scale":[1.8239999999999998,4.896000000000001,1.8239999999999998],"rotation":[0,180,0]}}}