{"parent":"minecraft:aj_rigs/ramiel_mode_2/mode_2/inner2","display":{"head":{"translation":[0,-6.4,0],"scale":[3.6159999999999997,4.4799999999999995,3.6159999999999997],"rotation":[0,180,0]}}}