{"parent":"minecraft:aj_rigs/ramiel_mode_2/mode_2/inner3","display":{"head":{"translation":[0,-6.4,0],"scale":[3.3280000000000003,3.7439999999999998,3.3280000000000003],"rotation":[0,180,0]}}}