{"parent":"minecraft:aj_rigs/ramiel_mode_2/mode_2/inner5","display":{"head":{"translation":[0,-6.4,0],"scale":[5.6000000000000005,5.6000000000000005,5.6000000000000005],"rotation":[0,180,0]}}}