{"parent":"minecraft:aj_rigs/ramiel_mode_2/mode_2/inner9","display":{"head":{"translation":[0,-6.4,0],"scale":[4.4799999999999995,4.4799999999999995,4.4799999999999995],"rotation":[0,180,0]}}}