{"parent":"minecraft:aj_rigs/ramiel_mode_2/mode_2/inner7","display":{"head":{"translation":[0,-6.4,0],"scale":[4.896000000000001,4.064,4.896000000000001],"rotation":[0,180,0]}}}