{"parent":"minecraft:aj_rigs/ramiel_mode_2/mode_2/inner","display":{"head":{"translation":[0,-6.4,0],"scale":[5.152000000000001,3.776,5.152000000000001],"rotation":[0,180,0]}}}