{"parent":"minecraft:aj_rigs/ramiel_mode_2/mode_2/inner8","display":{"head":{"translation":[0,-6.4,0],"scale":[0.9279999999999999,8.576,0.9279999999999999],"rotation":[0,180,0]}}}