{"parent":"minecraft:aj_rigs/ramiel_mode_2/mode_2/inner8","display":{"head":{"translation":[0,-6.4,0],"scale":[3.5200000000000005,3.2960000000000003,3.5200000000000005],"rotation":[0,180,0]}}}