{"parent":"minecraft:aj_rigs/ramiel_mode_2/mode_2/inner12","display":{"head":{"translation":[0,-6.4,0],"scale":[1.4720000000000002,2.08,1.4720000000000002],"rotation":[0,180,0]}}}