{"parent":"minecraft:aj_rigs/ramiel_mode_2/mode_2/outer9","display":{"head":{"translation":[0,-6.4,0],"scale":[1.6320000000000001,4.128,1.6320000000000001],"rotation":[0,180,0]}}}