{"parent":"minecraft:aj_rigs/ramiel_mode_2/mode_2/outer5","display":{"head":{"translation":[0,-6.4,0],"scale":[2.5920000000000005,3.2,2.5920000000000005],"rotation":[0,180,0]}}}