{"parent":"minecraft:aj_rigs/ramiel_mode_2/mode_2/outer","display":{"head":{"translation":[0,-6.4,0],"scale":[2.9120000000000004,1.7920000000000003,2.9120000000000004],"rotation":[0,180,0]}}}