{"parent":"minecraft:aj_rigs/ramiel_mode_2/mode_2/outer10","display":{"head":{"translation":[0,-6.4,0],"scale":[3.4560000000000004,3.5200000000000005,3.4560000000000004],"rotation":[0,180,0]}}}