{"parent":"minecraft:aj_rigs/ramiel_mode_2/mode_2/outer","display":{"head":{"translation":[0,-6.4,0],"scale":[0.8320000000000001,0.8320000000000001,0.8320000000000001],"rotation":[0,180,0]}}}