{"parent":"minecraft:aj_rigs/ramiel_mode_2/mode_2/outer12","display":{"head":{"translation":[0,-6.4,0],"scale":[1.3760000000000001,2.72,1.3760000000000001],"rotation":[0,180,0]}}}