{"parent":"minecraft:aj_rigs/ramiel_mode_2/mode_2/outer6","display":{"head":{"translation":[0,-6.4,0],"scale":[2.7840000000000003,3.04,2.7840000000000003],"rotation":[0,180,0]}}}