{"parent":"minecraft:aj_rigs/ramiel_mode_2/mode_2/outer10","display":{"head":{"translation":[0,-6.4,0],"scale":[1.6640000000000001,4.16,1.6640000000000001],"rotation":[0,180,0]}}}