{"parent":"minecraft:aj_rigs/ramiel_mode_2/mode_2/outer3","display":{"head":{"translation":[0,-6.4,0],"scale":[1.4720000000000002,3.7119999999999997,1.4720000000000002],"rotation":[0,180,0]}}}