{"parent":"minecraft:aj_rigs/ramiel_mode_2/mode_2/outer11","display":{"head":{"translation":[0,-6.4,0],"scale":[3.3920000000000003,2.8480000000000003,3.3920000000000003],"rotation":[0,180,0]}}}