{"parent":"minecraft:aj_rigs/ramiel_mode_2/mode_2/outer7","display":{"head":{"translation":[0,-6.4,0],"scale":[2.4320000000000004,2.304,2.4320000000000004],"rotation":[0,180,0]}}}