{"parent":"minecraft:aj_rigs/ramiel_mode_2/mode_2/outer9","display":{"head":{"translation":[0,-6.4,0],"scale":[2.9440000000000004,4.032,2.9440000000000004],"rotation":[0,180,0]}}}