{"parent":"minecraft:aj_rigs/ramiel_mode_2/mode_2/outer8","display":{"head":{"translation":[0,-6.4,0],"scale":[2.2079999999999997,4.384,2.2079999999999997],"rotation":[0,180,0]}}}