{"parent":"minecraft:aj_rigs/ramiel_mode_2/mode_2/outer7","display":{"head":{"translation":[0,-6.4,0],"scale":[0.8640000000000001,3.072,0.8640000000000001],"rotation":[0,180,0]}}}