{"parent":"minecraft:aj_rigs/ramiel_mode_2/mode_2/tip2","display":{"head":{"translation":[0,-6.4,0],"scale":[0.44800000000000006,5.056000000000001,0.44800000000000006],"rotation":[0,180,0]}}}