{"parent":"minecraft:aj_rigs/ramiel_mode_2/mode_2/tip5","display":{"head":{"translation":[0,-6.4,0],"scale":[3.5200000000000005,2.144,3.5200000000000005],"rotation":[0,180,0]}}}