{"parent":"minecraft:aj_rigs/ramiel_mode_2/mode_2/tip6","display":{"head":{"translation":[0,-6.4,0],"scale":[0.22400000000000003,1.056,0.22400000000000003],"rotation":[0,180,0]}}}