{"parent":"minecraft:aj_rigs/ramiel_mode_2/mode_2/tip6","display":{"head":{"translation":[0,-6.4,0],"scale":[0.7040000000000001,3.7119999999999997,0.7040000000000001],"rotation":[0,180,0]}}}