{"parent":"minecraft:aj_rigs/ramiel_mode_2/mode_2/tip6","display":{"head":{"translation":[0,-6.4,0],"scale":[4.832000000000001,2.656,4.832000000000001],"rotation":[0,180,0]}}}