{"parent":"minecraft:aj_rigs/ramiel_mode_2/mode_2/tip","display":{"head":{"translation":[0,-6.4,0],"scale":[1.4080000000000001,1.344,1.4080000000000001],"rotation":[0,180,0]}}}