{"parent":"minecraft:aj_rigs/ramiel_mode_2/mode_2/tip","display":{"head":{"translation":[0,-6.4,0],"scale":[0.16000000000000003,0.8320000000000001,0.16000000000000003],"rotation":[0,180,0]}}}