{"parent":"minecraft:aj_rigs/ramiel/mode_2/bone7","display":{"head":{"translation":[0,-6.4,0],"scale":[3.7439999999999998,3.7439999999999998,3.7439999999999998],"rotation":[0,180,0]}}}