{"parent":"minecraft:aj_rigs/ramiel/mode_2/bone6","display":{"head":{"translation":[0,-6.4,0],"scale":[1.6640000000000001,1.6640000000000001,1.6640000000000001],"rotation":[0,180,0]}}}