{"parent":"minecraft:aj_rigs/ramiel/mode_2/bone12","display":{"head":{"translation":[0,-6.4,0],"scale":[0.8640000000000001,0.8640000000000001,0.8640000000000001],"rotation":[0,180,0]}}}