{"parent":"minecraft:aj_rigs/ramiel/mode_2/bone","display":{"head":{"translation":[0,-6.4,0],"scale":[1.8239999999999998,1.8239999999999998,1.8239999999999998],"rotation":[0,180,0]}}}