{"parent":"minecraft:aj_rigs/ramiel/mode_2/bone4","display":{"head":{"translation":[0,-6.4,0],"scale":[1.7600000000000002,1.7600000000000002,1.7600000000000002],"rotation":[0,180,0]}}}