{"parent":"minecraft:aj_rigs/ramiel/mode_2/core","display":{"head":{"translation":[0,-6.4,0],"scale":[2.4640000000000004,2.4640000000000004,2.4640000000000004],"rotation":[0,180,0]}}}