{"parent":"minecraft:aj_rigs/ramiel/mode_2/cubecenter2","display":{"head":{"translation":[0,-6.4,0],"scale":[0.22400000000000003,0.9279999999999999,0.22400000000000003],"rotation":[0,180,0]}}}