{"parent":"minecraft:aj_rigs/ramiel/mode_2/cubecenter5","display":{"head":{"translation":[0,-6.4,0],"scale":[0.44800000000000006,1.8239999999999998,0.44800000000000006],"rotation":[0,180,0]}}}