{"parent":"minecraft:aj_rigs/ramiel/mode_2/cubecenter3","display":{"head":{"translation":[0,-6.4,0],"scale":[1.1199999999999999,1.1199999999999999,1.536],"rotation":[0,180,0]}}}