{"parent":"minecraft:aj_rigs/ramiel/mode_2/cubecenter4","display":{"head":{"translation":[0,-6.4,0],"scale":[0.7040000000000001,0.7040000000000001,1.152],"rotation":[0,180,0]}}}