{"parent":"minecraft:aj_rigs/ramiel/mode_2/cubecenter2","display":{"head":{"translation":[0,-6.4,0],"scale":[0.8640000000000001,2.9440000000000004,0.8640000000000001],"rotation":[0,180,0]}}}