{"parent":"minecraft:aj_rigs/ramiel/mode_2/cubecenter3","display":{"head":{"translation":[0,-6.4,0],"scale":[0.7360000000000001,0.7040000000000001,2.8160000000000003],"rotation":[0,180,0]}}}