{"parent":"minecraft:aj_rigs/ramiel/mode_2/cubecenter3","display":{"head":{"translation":[0,-6.4,0],"scale":[0.32000000000000006,0.32000000000000006,1.312],"rotation":[0,180,0]}}}