{"parent":"minecraft:aj_rigs/ramiel/mode_2/cubecenter3","display":{"head":{"translation":[0,-6.4,0],"scale":[0.6080000000000001,0.6080000000000001,1.984],"rotation":[0,180,0]}}}