{"parent":"minecraft:aj_rigs/ramiel/mode_2/inner9","display":{"head":{"translation":[0,-6.4,0],"scale":[1.4400000000000002,7.936,1.4400000000000002],"rotation":[0,180,0]}}}