{"parent":"minecraft:aj_rigs/ramiel/mode_2/innercube12","display":{"head":{"translation":[0,-6.4,0],"scale":[3.3280000000000003,0.6080000000000001,3.3280000000000003],"rotation":[0,180,0]}}}