{"parent":"minecraft:aj_rigs/ramiel/mode_2/innercube8","display":{"head":{"translation":[0,-6.4,0],"scale":[0.9279999999999999,0.16000000000000003,0.9279999999999999],"rotation":[0,180,0]}}}