{"parent":"minecraft:aj_rigs/ramiel/mode_2/inner","display":{"head":{"translation":[0,-6.4,0],"scale":[1.6640000000000001,2.336,1.6640000000000001],"rotation":[0,180,0]}}}