{"parent":"minecraft:aj_rigs/ramiel/mode_2/inner8","display":{"head":{"translation":[0,-6.4,0],"scale":[2.8160000000000003,5.632000000000001,2.8160000000000003],"rotation":[0,180,0]}}}