{"parent":"minecraft:aj_rigs/ramiel/mode_2/inner7","display":{"head":{"translation":[0,-6.4,0],"scale":[2.5920000000000005,5.152000000000001,2.5920000000000005],"rotation":[0,180,0]}}}