{"parent":"minecraft:aj_rigs/ramiel/mode_2/inner7","display":{"head":{"translation":[0,-6.4,0],"scale":[4.4479999999999995,6.048,4.4479999999999995],"rotation":[0,180,0]}}}