{"parent":"minecraft:aj_rigs/ramiel/mode_2/innercube2","display":{"head":{"translation":[0,-6.4,0],"scale":[0.7360000000000001,0.096,0.7360000000000001],"rotation":[0,180,0]}}}