{"parent":"minecraft:aj_rigs/ramiel/mode_2/innercube8","display":{"head":{"translation":[0,-6.4,0],"scale":[2.2079999999999997,0.22400000000000003,2.2079999999999997],"rotation":[0,180,0]}}}