{"parent":"minecraft:aj_rigs/ramiel/mode_2/inner10","display":{"head":{"translation":[0,-6.4,0],"scale":[4.896000000000001,6.176,4.896000000000001],"rotation":[0,180,0]}}}