{"parent":"minecraft:aj_rigs/ramiel/mode_2/inner7","display":{"head":{"translation":[0,-6.4,0],"scale":[1.2160000000000002,4.288,1.2160000000000002],"rotation":[0,180,0]}}}