{"parent":"minecraft:aj_rigs/ramiel/mode_2/inner8","display":{"head":{"translation":[0,-6.4,0],"scale":[2.4000000000000004,4.768,2.4000000000000004],"rotation":[0,180,0]}}}