{"parent":"minecraft:aj_rigs/ramiel/mode_2/innercube11","display":{"head":{"translation":[0,-6.4,0],"scale":[2.2399999999999998,0.512,2.2399999999999998],"rotation":[0,180,0]}}}