{"parent":"minecraft:aj_rigs/ramiel/mode_2/inner10","display":{"head":{"translation":[0,-6.4,0],"scale":[1.6960000000000002,4.224,1.6960000000000002],"rotation":[0,180,0]}}}