{"parent":"minecraft:aj_rigs/ramiel/mode_2/inner10","display":{"head":{"translation":[0,-6.4,0],"scale":[2.4640000000000004,6.112,2.4640000000000004],"rotation":[0,180,0]}}}