{"parent":"minecraft:aj_rigs/ramiel/mode_2/innercube12","display":{"head":{"translation":[0,-6.4,0],"scale":[1.4720000000000002,0.35200000000000004,1.4720000000000002],"rotation":[0,180,0]}}}