{"parent":"minecraft:aj_rigs/ramiel/mode_2/innercube4","display":{"head":{"translation":[0,-6.4,0],"scale":[1.3760000000000001,0.48,1.3760000000000001],"rotation":[0,180,0]}}}