{"parent":"minecraft:aj_rigs/ramiel/mode_2/innercube4","display":{"head":{"translation":[0,-6.4,0],"scale":[1.2800000000000002,0.44800000000000006,1.2800000000000002],"rotation":[0,180,0]}}}