{"parent":"minecraft:aj_rigs/ramiel/mode_2/innercube","display":{"head":{"translation":[0,-6.4,0],"scale":[1.6640000000000001,0.16000000000000003,1.6640000000000001],"rotation":[0,180,0]}}}