{"parent":"minecraft:aj_rigs/ramiel/mode_2/innercube12","display":{"head":{"translation":[0,-6.4,0],"scale":[3.3600000000000003,0.768,3.3600000000000003],"rotation":[0,180,0]}}}