{"parent":"minecraft:aj_rigs/ramiel/mode_2/innercube3","display":{"head":{"translation":[0,-6.4,0],"scale":[0.44800000000000006,0.096,0.44800000000000006],"rotation":[0,180,0]}}}