{"parent":"minecraft:aj_rigs/ramiel/mode_2/innercube5","display":{"head":{"translation":[0,-6.4,0],"scale":[1.7920000000000003,0.288,1.7920000000000003],"rotation":[0,180,0]}}}