{"parent":"minecraft:aj_rigs/ramiel/mode_2/inner4","display":{"head":{"translation":[0,-6.4,0],"scale":[3.5840000000000005,2.304,3.5840000000000005],"rotation":[0,180,0]}}}