{"parent":"minecraft:aj_rigs/ramiel/mode_2/innercube10","display":{"head":{"translation":[0,-6.4,0],"scale":[1.4720000000000002,0.256,1.4720000000000002],"rotation":[0,180,0]}}}