{"parent":"minecraft:aj_rigs/ramiel/mode_2/inner11","display":{"head":{"translation":[0,-6.4,0],"scale":[2.7840000000000003,5.5680000000000005,2.7840000000000003],"rotation":[0,180,0]}}}