{"parent":"minecraft:aj_rigs/ramiel/mode_2/inner4","display":{"head":{"translation":[0,-6.4,0],"scale":[5.5680000000000005,5.5680000000000005,5.5680000000000005],"rotation":[0,180,0]}}}