{"parent":"minecraft:aj_rigs/ramiel/mode_2/inner11","display":{"head":{"translation":[0,-6.4,0],"scale":[0.6080000000000001,3.6799999999999997,0.6080000000000001],"rotation":[0,180,0]}}}