{"parent":"minecraft:aj_rigs/ramiel/mode_2/innercube6","display":{"head":{"translation":[0,-6.4,0],"scale":[1.6320000000000001,0.192,1.6320000000000001],"rotation":[0,180,0]}}}