{"parent":"minecraft:aj_rigs/ramiel/mode_2/inner12","display":{"head":{"translation":[0,-6.4,0],"scale":[2.8480000000000003,5.696000000000001,2.8480000000000003],"rotation":[0,180,0]}}}