{"parent":"minecraft:aj_rigs/ramiel/mode_2/inner9","display":{"head":{"translation":[0,-6.4,0],"scale":[4.896000000000001,4.800000000000001,4.896000000000001],"rotation":[0,180,0]}}}