{"parent":"minecraft:aj_rigs/ramiel/mode_2/innercube7","display":{"head":{"translation":[0,-6.4,0],"scale":[0.16000000000000003,0.384,0.16000000000000003],"rotation":[0,180,0]}}}