{"parent":"minecraft:aj_rigs/ramiel/mode_2/inner12","display":{"head":{"translation":[0,-6.4,0],"scale":[2.4640000000000004,4.960000000000001,2.4640000000000004],"rotation":[0,180,0]}}}