{"parent":"minecraft:aj_rigs/ramiel/mode_2/inner","display":{"head":{"translation":[0,-6.4,0],"scale":[5.824000000000001,5.824000000000001,5.824000000000001],"rotation":[0,180,0]}}}