{"parent":"minecraft:aj_rigs/ramiel/mode_2/innercube9","display":{"head":{"translation":[0,-6.4,0],"scale":[1.8559999999999999,0.8960000000000001,1.8559999999999999],"rotation":[0,180,0]}}}