{"parent":"minecraft:aj_rigs/ramiel/mode_2/inner7","display":{"head":{"translation":[0,-6.4,0],"scale":[2.7520000000000002,5.472,2.7520000000000002],"rotation":[0,180,0]}}}