{"parent":"minecraft:aj_rigs/ramiel/mode_2/inner6","display":{"head":{"translation":[0,-6.4,0],"scale":[5.024000000000001,5.024000000000001,5.024000000000001],"rotation":[0,180,0]}}}