{"parent":"minecraft:aj_rigs/ramiel/mode_2/inner6","display":{"head":{"translation":[0,-6.4,0],"scale":[3.3280000000000003,3.776,3.3280000000000003],"rotation":[0,180,0]}}}