{"parent":"minecraft:aj_rigs/ramiel/mode_2/inner8","display":{"head":{"translation":[0,-6.4,0],"scale":[2.4320000000000004,4.896000000000001,2.4320000000000004],"rotation":[0,180,0]}}}