{"parent":"minecraft:aj_rigs/ramiel/mode_2/outer8","display":{"head":{"translation":[0,-6.4,0],"scale":[3.7119999999999997,3.936,3.7119999999999997],"rotation":[0,180,0]}}}