{"parent":"minecraft:aj_rigs/ramiel/mode_2/outer6","display":{"head":{"translation":[0,-6.4,0],"scale":[4.4159999999999995,4.4159999999999995,4.4159999999999995],"rotation":[0,180,0]}}}