{"parent":"minecraft:aj_rigs/ramiel/mode_2/outer10","display":{"head":{"translation":[0,-6.4,0],"scale":[1.2480000000000002,1.7920000000000003,1.2480000000000002],"rotation":[0,180,0]}}}