{"parent":"minecraft:aj_rigs/ramiel/mode_2/outer5","display":{"head":{"translation":[0,-6.4,0],"scale":[2.2079999999999997,3.3600000000000003,2.2079999999999997],"rotation":[0,180,0]}}}