{"parent":"minecraft:aj_rigs/ramiel/mode_2/outer11","display":{"head":{"translation":[0,-6.4,0],"scale":[1.8239999999999998,4.032,1.8239999999999998],"rotation":[0,180,0]}}}