{"parent":"minecraft:aj_rigs/ramiel/mode_2/outer4","display":{"head":{"translation":[0,-6.4,0],"scale":[3.6479999999999997,2.08,3.6479999999999997],"rotation":[0,180,0]}}}