{"parent":"minecraft:aj_rigs/ramiel/mode_2/outer9","display":{"head":{"translation":[0,-6.4,0],"scale":[2.8160000000000003,4.4159999999999995,2.8160000000000003],"rotation":[0,180,0]}}}