{"parent":"minecraft:aj_rigs/ramiel/mode_2/outer10","display":{"head":{"translation":[0,-6.4,0],"scale":[1.3760000000000001,3.072,1.3760000000000001],"rotation":[0,180,0]}}}