{"parent":"minecraft:aj_rigs/ramiel/mode_2/outer10","display":{"head":{"translation":[0,-6.4,0],"scale":[2.7840000000000003,2.9120000000000004,2.7840000000000003],"rotation":[0,180,0]}}}