{"parent":"minecraft:aj_rigs/ramiel/mode_2/outer4","display":{"head":{"translation":[0,-6.4,0],"scale":[2.7840000000000003,3.008,2.7840000000000003],"rotation":[0,180,0]}}}