{"parent":"minecraft:aj_rigs/ramiel/mode_2/outer11","display":{"head":{"translation":[0,-6.4,0],"scale":[0.44800000000000006,1.152,0.44800000000000006],"rotation":[0,180,0]}}}