{"parent":"minecraft:aj_rigs/ramiel/mode_2/outer12","display":{"head":{"translation":[0,-6.4,0],"scale":[0.6400000000000001,6.144,0.6400000000000001],"rotation":[0,180,0]}}}