{"parent":"minecraft:aj_rigs/ramiel/mode_2/tip5","display":{"head":{"translation":[0,-6.4,0],"scale":[0.8960000000000001,4.384,0.8960000000000001],"rotation":[0,180,0]}}}